Repository,Type,YAML File Name,YAML File Path,YAML File Link,Status,Line Number,Level,Rule,Description
gp_btp_repo,private,databricks.yml,vernova-gp-dbr/gp_btp_repo/databricks.yml,https://github.build.ge.com/vernova-gp-dbr/gp_btp_repo/databricks.yml,Non-Compliant,157:56,error,new-line-at-end-of-file,157:56: no new line character at the end of file (new-line-at-end-of-file)
gp_btp_repo,private,jb_btp_account_type_ref.yml,vernova-gp-dbr/gp_btp_repo/silver/src/workflows/jb_btp_account_type_ref.yml,https://github.build.ge.com/vernova-gp-dbr/gp_btp_repo/silver/src/workflows/jb_btp_account_type_ref.yml,Non-Compliant,8:81,error,line-length,8:81: line too long (92 > 80 characters) (line-length)
gp_btp_repo,private,jb_btp_accounting_group_ref.yml,vernova-gp-dbr/gp_btp_repo/silver/src/workflows/jb_btp_accounting_group_ref.yml,https://github.build.ge.com/vernova-gp-dbr/gp_btp_repo/silver/src/workflows/jb_btp_accounting_group_ref.yml,Non-Compliant,8:81,error,line-length,8:81: line too long (96 > 80 characters) (line-length)
gp_btp_repo,private,jb_btp_adhoc_log_etlconfig.yml,vernova-gp-dbr/gp_btp_repo/silver/src/workflows/jb_btp_adhoc_log_etlconfig.yml,https://github.build.ge.com/vernova-gp-dbr/gp_btp_repo/silver/src/workflows/jb_btp_adhoc_log_etlconfig.yml,Non-Compliant,10:81,error,line-length,10:81: line too long (81 > 80 characters) (line-length)
gp_btp_repo,private,jb_btp_adhoc_master_name_ref.yml,vernova-gp-dbr/gp_btp_repo/silver/src/workflows/jb_btp_adhoc_master_name_ref.yml,https://github.build.ge.com/vernova-gp-dbr/gp_btp_repo/silver/src/workflows/jb_btp_adhoc_master_name_ref.yml,Non-Compliant,8:81,error,line-length,8:81: line too long (97 > 80 characters) (line-length)
gp_btp_repo,private,jb_btp_apex_ous_ref.yml,vernova-gp-dbr/gp_btp_repo/silver/src/workflows/jb_btp_apex_ous_ref.yml,https://github.build.ge.com/vernova-gp-dbr/gp_btp_repo/silver/src/workflows/jb_btp_apex_ous_ref.yml,Non-Compliant,8:81,error,line-length,8:81: line too long (88 > 80 characters) (line-length)
gp_btp_repo,private,jb_btp_bp_to_btp_unknown.yml,vernova-gp-dbr/gp_btp_repo/silver/src/workflows/jb_btp_bp_to_btp_unknown.yml,https://github.build.ge.com/vernova-gp-dbr/gp_btp_repo/silver/src/workflows/jb_btp_bp_to_btp_unknown.yml,Non-Compliant,8:81,error,line-length,8:81: line too long (84 > 80 characters) (line-length)
gp_btp_repo,private,jb_btp_buyer_desk_ref.yml,vernova-gp-dbr/gp_btp_repo/silver/src/workflows/jb_btp_buyer_desk_ref.yml,https://github.build.ge.com/vernova-gp-dbr/gp_btp_repo/silver/src/workflows/jb_btp_buyer_desk_ref.yml,Non-Compliant,8:81,error,line-length,8:81: line too long (90 > 80 characters) (line-length)
gp_btp_repo,private,jb_btp_comm_auto_part_supplier_ref.yml,vernova-gp-dbr/gp_btp_repo/silver/src/workflows/jb_btp_comm_auto_part_supplier_ref.yml,https://github.build.ge.com/vernova-gp-dbr/gp_btp_repo/silver/src/workflows/jb_btp_comm_auto_part_supplier_ref.yml,Non-Compliant,8:81,error,line-length,8:81: line too long (103 > 80 characters) (line-length)
gp_btp_repo,private,jb_btp_commodity_exception_ref.yml,vernova-gp-dbr/gp_btp_repo/silver/src/workflows/jb_btp_commodity_exception_ref.yml,https://github.build.ge.com/vernova-gp-dbr/gp_btp_repo/silver/src/workflows/jb_btp_commodity_exception_ref.yml,Non-Compliant,8:81,error,line-length,8:81: line too long (99 > 80 characters) (line-length)
gp_btp_repo,private,jb_btp_commodity_mli_ref.yml,vernova-gp-dbr/gp_btp_repo/silver/src/workflows/jb_btp_commodity_mli_ref.yml,https://github.build.ge.com/vernova-gp-dbr/gp_btp_repo/silver/src/workflows/jb_btp_commodity_mli_ref.yml,Non-Compliant,37:45,error,new-line-at-end-of-file,37:45: no new line character at the end of file (new-line-at-end-of-file)
gp_btp_repo,private,jb_btp_commodity_ownership_ref.yml,vernova-gp-dbr/gp_btp_repo/silver/src/workflows/jb_btp_commodity_ownership_ref.yml,https://github.build.ge.com/vernova-gp-dbr/gp_btp_repo/silver/src/workflows/jb_btp_commodity_ownership_ref.yml,Non-Compliant,8:81,error,line-length,8:81: line too long (99 > 80 characters) (line-length)
gp_btp_repo,private,jb_btp_commodity_part_ref.yml,vernova-gp-dbr/gp_btp_repo/silver/src/workflows/jb_btp_commodity_part_ref.yml,https://github.build.ge.com/vernova-gp-dbr/gp_btp_repo/silver/src/workflows/jb_btp_commodity_part_ref.yml,Non-Compliant,38:1,error,empty-lines,38:1: too many blank lines (1 > 0) (empty-lines)
gp_btp_repo,private,jb_btp_commodity_supplier_ref.yml,vernova-gp-dbr/gp_btp_repo/silver/src/workflows/jb_btp_commodity_supplier_ref.yml,https://github.build.ge.com/vernova-gp-dbr/gp_btp_repo/silver/src/workflows/jb_btp_commodity_supplier_ref.yml,Non-Compliant,8:81,error,line-length,8:81: line too long (98 > 80 characters) (line-length)
gp_btp_repo,private,jb_btp_commodity_tiers_type_ref.yml,vernova-gp-dbr/gp_btp_repo/silver/src/workflows/jb_btp_commodity_tiers_type_ref.yml,https://github.build.ge.com/vernova-gp-dbr/gp_btp_repo/silver/src/workflows/jb_btp_commodity_tiers_type_ref.yml,Non-Compliant,8:81,error,line-length,8:81: line too long (100 > 80 characters) (line-length)
gp_btp_repo,private,jb_btp_drm_tier_ref.yml,vernova-gp-dbr/gp_btp_repo/silver/src/workflows/jb_btp_drm_tier_ref.yml,https://github.build.ge.com/vernova-gp-dbr/gp_btp_repo/silver/src/workflows/jb_btp_drm_tier_ref.yml,Non-Compliant,37:45,error,new-line-at-end-of-file,37:45: no new line character at the end of file (new-line-at-end-of-file)
gp_btp_repo,private,jb_btp_eap_interface_psot_alpha.yml,vernova-gp-dbr/gp_btp_repo/silver/src/workflows/jb_btp_eap_interface_psot_alpha.yml,https://github.build.ge.com/vernova-gp-dbr/gp_btp_repo/silver/src/workflows/jb_btp_eap_interface_psot_alpha.yml,Non-Compliant,8:81,error,line-length,8:81: line too long (94 > 80 characters) (line-length)
gp_btp_repo,private,jb_btp_eap_interface_psot_charlie.yml,vernova-gp-dbr/gp_btp_repo/silver/src/workflows/jb_btp_eap_interface_psot_charlie.yml,https://github.build.ge.com/vernova-gp-dbr/gp_btp_repo/silver/src/workflows/jb_btp_eap_interface_psot_charlie.yml,Non-Compliant,8:81,error,line-length,8:81: line too long (94 > 80 characters) (line-length)
gp_btp_repo,private,jb_btp_eap_interface_psot_foxtrot.yml,vernova-gp-dbr/gp_btp_repo/silver/src/workflows/jb_btp_eap_interface_psot_foxtrot.yml,https://github.build.ge.com/vernova-gp-dbr/gp_btp_repo/silver/src/workflows/jb_btp_eap_interface_psot_foxtrot.yml,Non-Compliant,8:81,error,line-length,8:81: line too long (94 > 80 characters) (line-length)
gp_btp_repo,private,jb_btp_eap_interface_psot_uniform.yml,vernova-gp-dbr/gp_btp_repo/silver/src/workflows/jb_btp_eap_interface_psot_uniform.yml,https://github.build.ge.com/vernova-gp-dbr/gp_btp_repo/silver/src/workflows/jb_btp_eap_interface_psot_uniform.yml,Non-Compliant,8:81,error,line-length,8:81: line too long (94 > 80 characters) (line-length)
gp_btp_repo,private,jb_btp_eap_interface_psot_zeal.yml,vernova-gp-dbr/gp_btp_repo/silver/src/workflows/jb_btp_eap_interface_psot_zeal.yml,https://github.build.ge.com/vernova-gp-dbr/gp_btp_repo/silver/src/workflows/jb_btp_eap_interface_psot_zeal.yml,Non-Compliant,8:81,error,line-length,8:81: line too long (94 > 80 characters) (line-length)
gp_btp_repo,private,jb_btp_fx_currency_conv_ref.yml,vernova-gp-dbr/gp_btp_repo/silver/src/workflows/jb_btp_fx_currency_conv_ref.yml,https://github.build.ge.com/vernova-gp-dbr/gp_btp_repo/silver/src/workflows/jb_btp_fx_currency_conv_ref.yml,Non-Compliant,8:81,error,line-length,8:81: line too long (96 > 80 characters) (line-length)
gp_btp_repo,private,jb_btp_gsa_carrier_type_ref.yml,vernova-gp-dbr/gp_btp_repo/silver/src/workflows/jb_btp_gsa_carrier_type_ref.yml,https://github.build.ge.com/vernova-gp-dbr/gp_btp_repo/silver/src/workflows/jb_btp_gsa_carrier_type_ref.yml,Non-Compliant,13:81,error,line-length,13:81: line too long (97 > 80 characters) (line-length)
gp_btp_repo,private,jb_btp_hr_operating_units_ref_alpha.yml,vernova-gp-dbr/gp_btp_repo/silver/src/workflows/jb_btp_hr_operating_units_ref_alpha.yml,https://github.build.ge.com/vernova-gp-dbr/gp_btp_repo/silver/src/workflows/jb_btp_hr_operating_units_ref_alpha.yml,Non-Compliant,8:81,error,line-length,8:81: line too long (102 > 80 characters) (line-length)
gp_btp_repo,private,jb_btp_hr_operating_units_ref_bravo.yml,vernova-gp-dbr/gp_btp_repo/silver/src/workflows/jb_btp_hr_operating_units_ref_bravo.yml,https://github.build.ge.com/vernova-gp-dbr/gp_btp_repo/silver/src/workflows/jb_btp_hr_operating_units_ref_bravo.yml,Non-Compliant,37:45,error,new-line-at-end-of-file,37:45: no new line character at the end of file (new-line-at-end-of-file)
gp_btp_repo,private,jb_btp_hr_operating_units_ref_charlie.yml,vernova-gp-dbr/gp_btp_repo/silver/src/workflows/jb_btp_hr_operating_units_ref_charlie.yml,https://github.build.ge.com/vernova-gp-dbr/gp_btp_repo/silver/src/workflows/jb_btp_hr_operating_units_ref_charlie.yml,Non-Compliant,8:81,error,line-length,8:81: line too long (102 > 80 characters) (line-length)
gp_btp_repo,private,jb_btp_hr_operating_units_ref_controls_sap.yml,vernova-gp-dbr/gp_btp_repo/silver/src/workflows/jb_btp_hr_operating_units_ref_controls_sap.yml,https://github.build.ge.com/vernova-gp-dbr/gp_btp_repo/silver/src/workflows/jb_btp_hr_operating_units_ref_controls_sap.yml,Non-Compliant,8:81,error,line-length,8:81: line too long (97 > 80 characters) (line-length)
gp_btp_repo,private,jb_btp_hr_operating_units_ref_foxtrot.yml,vernova-gp-dbr/gp_btp_repo/silver/src/workflows/jb_btp_hr_operating_units_ref_foxtrot.yml,https://github.build.ge.com/vernova-gp-dbr/gp_btp_repo/silver/src/workflows/jb_btp_hr_operating_units_ref_foxtrot.yml,Non-Compliant,8:81,error,line-length,8:81: line too long (102 > 80 characters) (line-length)
gp_btp_repo,private,jb_btp_hr_operating_units_ref_powermax.yml,vernova-gp-dbr/gp_btp_repo/silver/src/workflows/jb_btp_hr_operating_units_ref_powermax.yml,https://github.build.ge.com/vernova-gp-dbr/gp_btp_repo/silver/src/workflows/jb_btp_hr_operating_units_ref_powermax.yml,Non-Compliant,8:81,error,line-length,8:81: line too long (98 > 80 characters) (line-length)
gp_btp_repo,private,jb_btp_hr_operating_units_ref_sap_repairs.yml,vernova-gp-dbr/gp_btp_repo/silver/src/workflows/jb_btp_hr_operating_units_ref_sap_repairs.yml,https://github.build.ge.com/vernova-gp-dbr/gp_btp_repo/silver/src/workflows/jb_btp_hr_operating_units_ref_sap_repairs.yml,Non-Compliant,37:45,error,new-line-at-end-of-file,37:45: no new line character at the end of file (new-line-at-end-of-file)
gp_btp_repo,private,jb_btp_hr_operating_units_ref_sierra.yml,vernova-gp-dbr/gp_btp_repo/silver/src/workflows/jb_btp_hr_operating_units_ref_sierra.yml,https://github.build.ge.com/vernova-gp-dbr/gp_btp_repo/silver/src/workflows/jb_btp_hr_operating_units_ref_sierra.yml,Non-Compliant,8:81,error,line-length,8:81: line too long (102 > 80 characters) (line-length)
gp_btp_repo,private,jb_btp_hr_operating_units_ref_ssp5r12.yml,vernova-gp-dbr/gp_btp_repo/silver/src/workflows/jb_btp_hr_operating_units_ref_ssp5r12.yml,https://github.build.ge.com/vernova-gp-dbr/gp_btp_repo/silver/src/workflows/jb_btp_hr_operating_units_ref_ssp5r12.yml,Non-Compliant,8:81,error,line-length,8:81: line too long (106 > 80 characters) (line-length)
gp_btp_repo,private,jb_btp_hr_operating_units_ref_uniform.yml,vernova-gp-dbr/gp_btp_repo/silver/src/workflows/jb_btp_hr_operating_units_ref_uniform.yml,https://github.build.ge.com/vernova-gp-dbr/gp_btp_repo/silver/src/workflows/jb_btp_hr_operating_units_ref_uniform.yml,Non-Compliant,8:81,error,line-length,8:81: line too long (103 > 80 characters) (line-length)
gp_btp_repo,private,jb_btp_hr_operating_units_ref_zeal.yml,vernova-gp-dbr/gp_btp_repo/silver/src/workflows/jb_btp_hr_operating_units_ref_zeal.yml,https://github.build.ge.com/vernova-gp-dbr/gp_btp_repo/silver/src/workflows/jb_btp_hr_operating_units_ref_zeal.yml,Non-Compliant,8:81,error,line-length,8:81: line too long (102 > 80 characters) (line-length)
gp_btp_repo,private,jb_btp_idm_employee_ref.yml,vernova-gp-dbr/gp_btp_repo/silver/src/workflows/jb_btp_idm_employee_ref.yml,https://github.build.ge.com/vernova-gp-dbr/gp_btp_repo/silver/src/workflows/jb_btp_idm_employee_ref.yml,Non-Compliant,37:45,error,new-line-at-end-of-file,37:45: no new line character at the end of file (new-line-at-end-of-file)
gp_btp_repo,private,jb_btp_indirect_commodity_ref.yml,vernova-gp-dbr/gp_btp_repo/silver/src/workflows/jb_btp_indirect_commodity_ref.yml,https://github.build.ge.com/vernova-gp-dbr/gp_btp_repo/silver/src/workflows/jb_btp_indirect_commodity_ref.yml,Non-Compliant,8:81,error,line-length,8:81: line too long (94 > 80 characters) (line-length)
gp_btp_repo,private,jb_btp_legal_limits_ref.yml,vernova-gp-dbr/gp_btp_repo/silver/src/workflows/jb_btp_legal_limits_ref.yml,https://github.build.ge.com/vernova-gp-dbr/gp_btp_repo/silver/src/workflows/jb_btp_legal_limits_ref.yml,Non-Compliant,8:81,error,line-length,8:81: line too long (92 > 80 characters) (line-length)
gp_btp_repo,private,jb_btp_log_master_workflow.yml,vernova-gp-dbr/gp_btp_repo/silver/src/workflows/jb_btp_log_master_workflow.yml,https://github.build.ge.com/vernova-gp-dbr/gp_btp_repo/silver/src/workflows/jb_btp_log_master_workflow.yml,Non-Compliant,51:1,error,empty-lines,51:1: too many blank lines (1 > 0) (empty-lines)
gp_btp_repo,private,jb_btp_mat_approved_supplier_list_psot.yml,vernova-gp-dbr/gp_btp_repo/silver/src/workflows/jb_btp_mat_approved_supplier_list_psot.yml,https://github.build.ge.com/vernova-gp-dbr/gp_btp_repo/silver/src/workflows/jb_btp_mat_approved_supplier_list_psot.yml,Non-Compliant,8:81,error,line-length,8:81: line too long (107 > 80 characters) (line-length)
gp_btp_repo,private,jb_btp_part_number_exclusion_flag_ref.yml,vernova-gp-dbr/gp_btp_repo/silver/src/workflows/jb_btp_part_number_exclusion_flag_ref.yml,https://github.build.ge.com/vernova-gp-dbr/gp_btp_repo/silver/src/workflows/jb_btp_part_number_exclusion_flag_ref.yml,Non-Compliant,8:81,error,line-length,8:81: line too long (101 > 80 characters) (line-length)
gp_btp_repo,private,jb_btp_payterms_ref.yml,vernova-gp-dbr/gp_btp_repo/silver/src/workflows/jb_btp_payterms_ref.yml,https://github.build.ge.com/vernova-gp-dbr/gp_btp_repo/silver/src/workflows/jb_btp_payterms_ref.yml,Non-Compliant,37:45,error,new-line-at-end-of-file,37:45: no new line character at the end of file (new-line-at-end-of-file)
gp_btp_repo,private,jb_btp_pl_tier_ref_all.yml,vernova-gp-dbr/gp_btp_repo/silver/src/workflows/jb_btp_pl_tier_ref_all.yml,https://github.build.ge.com/vernova-gp-dbr/gp_btp_repo/silver/src/workflows/jb_btp_pl_tier_ref_all.yml,Non-Compliant,8:81,error,line-length,8:81: line too long (87 > 80 characters) (line-length)
gp_btp_repo,private,jb_btp_pl_tier_ref_powermax.yml,vernova-gp-dbr/gp_btp_repo/silver/src/workflows/jb_btp_pl_tier_ref_powermax.yml,https://github.build.ge.com/vernova-gp-dbr/gp_btp_repo/silver/src/workflows/jb_btp_pl_tier_ref_powermax.yml,Non-Compliant,37:45,error,new-line-at-end-of-file,37:45: no new line character at the end of file (new-line-at-end-of-file)
gp_btp_repo,private,jb_btp_pl_tier_ref_ssp5r12.yml,vernova-gp-dbr/gp_btp_repo/silver/src/workflows/jb_btp_pl_tier_ref_ssp5r12.yml,https://github.build.ge.com/vernova-gp-dbr/gp_btp_repo/silver/src/workflows/jb_btp_pl_tier_ref_ssp5r12.yml,Non-Compliant,37:45,error,new-line-at-end-of-file,37:45: no new line character at the end of file (new-line-at-end-of-file)
gp_btp_repo,private,jb_btp_pltier_region_overrides_ref.yml,vernova-gp-dbr/gp_btp_repo/silver/src/workflows/jb_btp_pltier_region_overrides_ref.yml,https://github.build.ge.com/vernova-gp-dbr/gp_btp_repo/silver/src/workflows/jb_btp_pltier_region_overrides_ref.yml,Non-Compliant,8:81,error,line-length,8:81: line too long (103 > 80 characters) (line-length)
gp_btp_repo,private,jb_btp_po_doosan_ref.yml,vernova-gp-dbr/gp_btp_repo/silver/src/workflows/jb_btp_po_doosan_ref.yml,https://github.build.ge.com/vernova-gp-dbr/gp_btp_repo/silver/src/workflows/jb_btp_po_doosan_ref.yml,Non-Compliant,8:81,error,line-length,8:81: line too long (89 > 80 characters) (line-length)
gp_btp_repo,private,jb_btp_po_fdl_hier_stg.yml,vernova-gp-dbr/gp_btp_repo/silver/src/workflows/jb_btp_po_fdl_hier_stg.yml,https://github.build.ge.com/vernova-gp-dbr/gp_btp_repo/silver/src/workflows/jb_btp_po_fdl_hier_stg.yml,Non-Compliant,8:81,error,line-length,8:81: line too long (91 > 80 characters) (line-length)
gp_btp_repo,private,jb_btp_product_hist_ref_gp_purchase_type.yml,vernova-gp-dbr/gp_btp_repo/silver/src/workflows/jb_btp_product_hist_ref_gp_purchase_type.yml,https://github.build.ge.com/vernova-gp-dbr/gp_btp_repo/silver/src/workflows/jb_btp_product_hist_ref_gp_purchase_type.yml,Non-Compliant,8:81,error,line-length,8:81: line too long (88 > 80 characters) (line-length)
gp_btp_repo,private,jb_btp_product_hist_ref_gp_savings_type.yml,vernova-gp-dbr/gp_btp_repo/silver/src/workflows/jb_btp_product_hist_ref_gp_savings_type.yml,https://github.build.ge.com/vernova-gp-dbr/gp_btp_repo/silver/src/workflows/jb_btp_product_hist_ref_gp_savings_type.yml,Non-Compliant,8:81,error,line-length,8:81: line too long (88 > 80 characters) (line-length)
gp_btp_repo,private,jb_btp_product_hist_ref_gps_factory_purchase_type.yml,vernova-gp-dbr/gp_btp_repo/silver/src/workflows/jb_btp_product_hist_ref_gps_factory_purchase_type.yml,https://github.build.ge.com/vernova-gp-dbr/gp_btp_repo/silver/src/workflows/jb_btp_product_hist_ref_gps_factory_purchase_type.yml,Non-Compliant,8:81,error,line-length,8:81: line too long (88 > 80 characters) (line-length)
gp_btp_repo,private,jb_btp_product_hist_ref_gps_factory_savings_type.yml,vernova-gp-dbr/gp_btp_repo/silver/src/workflows/jb_btp_product_hist_ref_gps_factory_savings_type.yml,https://github.build.ge.com/vernova-gp-dbr/gp_btp_repo/silver/src/workflows/jb_btp_product_hist_ref_gps_factory_savings_type.yml,Non-Compliant,8:81,error,line-length,8:81: line too long (88 > 80 characters) (line-length)
gp_btp_repo,private,jb_btp_region_ref.yml,vernova-gp-dbr/gp_btp_repo/silver/src/workflows/jb_btp_region_ref.yml,https://github.build.ge.com/vernova-gp-dbr/gp_btp_repo/silver/src/workflows/jb_btp_region_ref.yml,Non-Compliant,8:81,error,line-length,8:81: line too long (86 > 80 characters) (line-length)
gp_btp_repo,private,jb_btp_scx_vendor_subscription_address_ref.yml,vernova-gp-dbr/gp_btp_repo/silver/src/workflows/jb_btp_scx_vendor_subscription_address_ref.yml,https://github.build.ge.com/vernova-gp-dbr/gp_btp_repo/silver/src/workflows/jb_btp_scx_vendor_subscription_address_ref.yml,Non-Compliant,8:81,error,line-length,8:81: line too long (107 > 80 characters) (line-length)
gp_btp_repo,private,jb_btp_scx_vendor_subscription_bank_ref.yml,vernova-gp-dbr/gp_btp_repo/silver/src/workflows/jb_btp_scx_vendor_subscription_bank_ref.yml,https://github.build.ge.com/vernova-gp-dbr/gp_btp_repo/silver/src/workflows/jb_btp_scx_vendor_subscription_bank_ref.yml,Non-Compliant,8:81,error,line-length,8:81: line too long (104 > 80 characters) (line-length)
gp_btp_repo,private,jb_btp_scx_vendor_subscription_contact_ref.yml,vernova-gp-dbr/gp_btp_repo/silver/src/workflows/jb_btp_scx_vendor_subscription_contact_ref.yml,https://github.build.ge.com/vernova-gp-dbr/gp_btp_repo/silver/src/workflows/jb_btp_scx_vendor_subscription_contact_ref.yml,Non-Compliant,8:81,error,line-length,8:81: line too long (107 > 80 characters) (line-length)
gp_btp_repo,private,jb_btp_scx_vendor_subscription_mas_ref.yml,vernova-gp-dbr/gp_btp_repo/silver/src/workflows/jb_btp_scx_vendor_subscription_mas_ref.yml,https://github.build.ge.com/vernova-gp-dbr/gp_btp_repo/silver/src/workflows/jb_btp_scx_vendor_subscription_mas_ref.yml,Non-Compliant,8:81,error,line-length,8:81: line too long (103 > 80 characters) (line-length)
gp_btp_repo,private,jb_btp_smf_vendor_mas.yml,vernova-gp-dbr/gp_btp_repo/silver/src/workflows/jb_btp_smf_vendor_mas.yml,https://github.build.ge.com/vernova-gp-dbr/gp_btp_repo/silver/src/workflows/jb_btp_smf_vendor_mas.yml,Non-Compliant,8:81,error,line-length,8:81: line too long (90 > 80 characters) (line-length)
gp_btp_repo,private,jb_btp_smf_vendor_type_hist.yml,vernova-gp-dbr/gp_btp_repo/silver/src/workflows/jb_btp_smf_vendor_type_hist.yml,https://github.build.ge.com/vernova-gp-dbr/gp_btp_repo/silver/src/workflows/jb_btp_smf_vendor_type_hist.yml,Non-Compliant,8:81,error,line-length,8:81: line too long (96 > 80 characters) (line-length)
gp_btp_repo,private,jb_btp_smf_vendor_type_mas.yml,vernova-gp-dbr/gp_btp_repo/silver/src/workflows/jb_btp_smf_vendor_type_mas.yml,https://github.build.ge.com/vernova-gp-dbr/gp_btp_repo/silver/src/workflows/jb_btp_smf_vendor_type_mas.yml,Non-Compliant,8:81,error,line-length,8:81: line too long (95 > 80 characters) (line-length)
gp_btp_repo,private,jb_btp_sourcesole_ref.yml,vernova-gp-dbr/gp_btp_repo/silver/src/workflows/jb_btp_sourcesole_ref.yml,https://github.build.ge.com/vernova-gp-dbr/gp_btp_repo/silver/src/workflows/jb_btp_sourcesole_ref.yml,Non-Compliant,8:81,error,line-length,8:81: line too long (90 > 80 characters) (line-length)
gp_btp_repo,private,jb_btp_spend_type_parts_stg.yml,vernova-gp-dbr/gp_btp_repo/silver/src/workflows/jb_btp_spend_type_parts_stg.yml,https://github.build.ge.com/vernova-gp-dbr/gp_btp_repo/silver/src/workflows/jb_btp_spend_type_parts_stg.yml,Non-Compliant,8:81,error,line-length,8:81: line too long (96 > 80 characters) (line-length)
gp_btp_repo,private,jb_btp_static_fx_usd_rates_ref.yml,vernova-gp-dbr/gp_btp_repo/silver/src/workflows/jb_btp_static_fx_usd_rates_ref.yml,https://github.build.ge.com/vernova-gp-dbr/gp_btp_repo/silver/src/workflows/jb_btp_static_fx_usd_rates_ref.yml,Non-Compliant,8:81,error,line-length,8:81: line too long (99 > 80 characters) (line-length)
gp_btp_repo,private,jb_btp_vendor_classification_ref.yml,vernova-gp-dbr/gp_btp_repo/silver/src/workflows/jb_btp_vendor_classification_ref.yml,https://github.build.ge.com/vernova-gp-dbr/gp_btp_repo/silver/src/workflows/jb_btp_vendor_classification_ref.yml,Non-Compliant,8:81,error,line-length,8:81: line too long (101 > 80 characters) (line-length)
gp_btp_repo,private,jb_btp_vendor_contact_mas_alpha.yml,vernova-gp-dbr/gp_btp_repo/silver/src/workflows/jb_btp_vendor_contact_mas_alpha.yml,https://github.build.ge.com/vernova-gp-dbr/gp_btp_repo/silver/src/workflows/jb_btp_vendor_contact_mas_alpha.yml,Non-Compliant,37:45,error,new-line-at-end-of-file,37:45: no new line character at the end of file (new-line-at-end-of-file)
gp_btp_repo,private,jb_btp_vendor_contact_mas_charlie.yml,vernova-gp-dbr/gp_btp_repo/silver/src/workflows/jb_btp_vendor_contact_mas_charlie.yml,https://github.build.ge.com/vernova-gp-dbr/gp_btp_repo/silver/src/workflows/jb_btp_vendor_contact_mas_charlie.yml,Non-Compliant,8:81,error,line-length,8:81: line too long (98 > 80 characters) (line-length)
gp_btp_repo,private,jb_btp_vendor_contact_mas_controls_sap.yml,vernova-gp-dbr/gp_btp_repo/silver/src/workflows/jb_btp_vendor_contact_mas_controls_sap.yml,https://github.build.ge.com/vernova-gp-dbr/gp_btp_repo/silver/src/workflows/jb_btp_vendor_contact_mas_controls_sap.yml,Non-Compliant,8:81,error,line-length,8:81: line too long (98 > 80 characters) (line-length)
gp_btp_repo,private,jb_btp_vendor_contact_mas_foxtrot.yml,vernova-gp-dbr/gp_btp_repo/silver/src/workflows/jb_btp_vendor_contact_mas_foxtrot.yml,https://github.build.ge.com/vernova-gp-dbr/gp_btp_repo/silver/src/workflows/jb_btp_vendor_contact_mas_foxtrot.yml,Non-Compliant,8:81,error,line-length,8:81: line too long (98 > 80 characters) (line-length)
gp_btp_repo,private,jb_btp_vendor_contact_mas_powermax.yml,vernova-gp-dbr/gp_btp_repo/silver/src/workflows/jb_btp_vendor_contact_mas_powermax.yml,https://github.build.ge.com/vernova-gp-dbr/gp_btp_repo/silver/src/workflows/jb_btp_vendor_contact_mas_powermax.yml,Non-Compliant,8:81,error,line-length,8:81: line too long (98 > 80 characters) (line-length)
gp_btp_repo,private,jb_btp_vendor_contact_mas_sierra.yml,vernova-gp-dbr/gp_btp_repo/silver/src/workflows/jb_btp_vendor_contact_mas_sierra.yml,https://github.build.ge.com/vernova-gp-dbr/gp_btp_repo/silver/src/workflows/jb_btp_vendor_contact_mas_sierra.yml,Non-Compliant,8:81,error,line-length,8:81: line too long (98 > 80 characters) (line-length)
gp_btp_repo,private,jb_btp_vendor_contact_mas_uniform.yml,vernova-gp-dbr/gp_btp_repo/silver/src/workflows/jb_btp_vendor_contact_mas_uniform.yml,https://github.build.ge.com/vernova-gp-dbr/gp_btp_repo/silver/src/workflows/jb_btp_vendor_contact_mas_uniform.yml,Non-Compliant,8:81,error,line-length,8:81: line too long (98 > 80 characters) (line-length)
gp_btp_repo,private,jb_btp_vendor_contact_mas_zeal.yml,vernova-gp-dbr/gp_btp_repo/silver/src/workflows/jb_btp_vendor_contact_mas_zeal.yml,https://github.build.ge.com/vernova-gp-dbr/gp_btp_repo/silver/src/workflows/jb_btp_vendor_contact_mas_zeal.yml,Non-Compliant,8:81,error,line-length,8:81: line too long (98 > 80 characters) (line-length)
gp_btp_repo,private,jb_btp_vendor_partner_ref.yml,vernova-gp-dbr/gp_btp_repo/silver/src/workflows/jb_btp_vendor_partner_ref.yml,https://github.build.ge.com/vernova-gp-dbr/gp_btp_repo/silver/src/workflows/jb_btp_vendor_partner_ref.yml,Non-Compliant,8:81,error,line-length,8:81: line too long (94 > 80 characters) (line-length)
gp_btp_repo,private,jb_btp_vendor_type_ref.yml,vernova-gp-dbr/gp_btp_repo/silver/src/workflows/jb_btp_vendor_type_ref.yml,https://github.build.ge.com/vernova-gp-dbr/gp_btp_repo/silver/src/workflows/jb_btp_vendor_type_ref.yml,Non-Compliant,8:81,error,line-length,8:81: line too long (91 > 80 characters) (line-length)
gp_btp_repo,private,jb_btp_vtt_daily_terms_ref.yml,vernova-gp-dbr/gp_btp_repo/silver/src/workflows/jb_btp_vtt_daily_terms_ref.yml,https://github.build.ge.com/vernova-gp-dbr/gp_btp_repo/silver/src/workflows/jb_btp_vtt_daily_terms_ref.yml,Non-Compliant,8:81,error,line-length,8:81: line too long (95 > 80 characters) (line-length)
gp_btp_repo,private,jb_btp_zeal_erp_commodity_ref.yml,vernova-gp-dbr/gp_btp_repo/silver/src/workflows/jb_btp_zeal_erp_commodity_ref.yml,https://github.build.ge.com/vernova-gp-dbr/gp_btp_repo/silver/src/workflows/jb_btp_zeal_erp_commodity_ref.yml,Non-Compliant,38:1,error,empty-lines,38:1: too many blank lines (1 > 0) (empty-lines)
gp_btp_repo,private,jb_ddl_adhoc_script_btp.yml,vernova-gp-dbr/gp_btp_repo/silver/src/workflows/jb_ddl_adhoc_script_btp.yml,https://github.build.ge.com/vernova-gp-dbr/gp_btp_repo/silver/src/workflows/jb_ddl_adhoc_script_btp.yml,Non-Compliant,1:1,warning,document-start,"1:1: missing document start ""---"" (document-start)"
gp_btp_repo,private,jb_ddl_adhoc_script_btp_gold.yml,vernova-gp-dbr/gp_btp_repo/silver/src/workflows/jb_ddl_adhoc_script_btp_gold.yml,https://github.build.ge.com/vernova-gp-dbr/gp_btp_repo/silver/src/workflows/jb_ddl_adhoc_script_btp_gold.yml,Non-Compliant,10:81,error,line-length,10:81: line too long (1662 > 80 characters) (line-length)
gp_btp_repo,private,jb_ddl_adhoc_script_btp_initcap.yml,vernova-gp-dbr/gp_btp_repo/silver/src/workflows/jb_ddl_adhoc_script_btp_initcap.yml,https://github.build.ge.com/vernova-gp-dbr/gp_btp_repo/silver/src/workflows/jb_ddl_adhoc_script_btp_initcap.yml,Non-Compliant,10:81,error,line-length,10:81: line too long (82 > 80 characters) (line-length)
gp_btp_repo,private,jb_ddl_adhoc_script_btp_logistic1.yml,vernova-gp-dbr/gp_btp_repo/silver/src/workflows/jb_ddl_adhoc_script_btp_logistic1.yml,https://github.build.ge.com/vernova-gp-dbr/gp_btp_repo/silver/src/workflows/jb_ddl_adhoc_script_btp_logistic1.yml,Non-Compliant,10:81,error,line-length,10:81: line too long (1603 > 80 characters) (line-length)
gp_btp_repo,private,jb_ddl_adhoc_script_btp_logistic2.yml,vernova-gp-dbr/gp_btp_repo/silver/src/workflows/jb_ddl_adhoc_script_btp_logistic2.yml,https://github.build.ge.com/vernova-gp-dbr/gp_btp_repo/silver/src/workflows/jb_ddl_adhoc_script_btp_logistic2.yml,Non-Compliant,10:81,error,line-length,10:81: line too long (1047 > 80 characters) (line-length)
gp_btp_repo,private,jb_ddl_adhoc_script_btp_one_time_load.yml,vernova-gp-dbr/gp_btp_repo/silver/src/workflows/jb_ddl_adhoc_script_btp_one_time_load.yml,https://github.build.ge.com/vernova-gp-dbr/gp_btp_repo/silver/src/workflows/jb_ddl_adhoc_script_btp_one_time_load.yml,Non-Compliant,10:81,error,line-length,10:81: line too long (81 > 80 characters) (line-length)
gp_btp_repo,private,wf_btp_etlframework_test.yml,vernova-gp-dbr/gp_btp_repo/silver/src/workflows/wf_btp_etlframework_test.yml,https://github.build.ge.com/vernova-gp-dbr/gp_btp_repo/silver/src/workflows/wf_btp_etlframework_test.yml,Non-Compliant,1:1,warning,document-start,"1:1: missing document start ""---"" (document-start)"
